title,text,subject,date
Government announces new economic policies to boost growth,"The official spokesperson announced that the government has launched a series of economic reforms. These reforms aim to improve fiscal growth, support local businesses, and stabilize inflation. Parliament approved the bill early this morning.",politics,"June 15, 2026"
Health authorities approve new vaccine for public use,Scientists and health officials have officially approved the new vaccine after rigorous clinical trials. The medical study published in the peer-reviewed journal confirms that it has a high efficacy rate and is safe for general distribution.,health,"June 14, 2026"
Central bank holds interest rates steady amid market stability,"In the latest monetary policy committee meeting, the central bank decided to maintain the interest rates. Economists noted that low inflation and steady employment numbers contributed to this decision.",economy,"June 12, 2026"
Global climate summit reaches historic agreement on emissions,Delegates from over 190 countries have signed an agreement to reduce greenhouse gas emissions by 30% over the next decade. The agreement focuses on investing in renewable energy sources and phase-out of coal-fired power plants.,environment,"June 10, 2026"
Government announces new economic policies to boost growth,"The official spokesperson announced that the government has launched a series of economic reforms. These reforms aim to improve fiscal growth, support local businesses, and stabilize inflation. Parliament approved the bill early this morning.",politics,"June 15, 2026"
Health authorities approve new vaccine for public use,Scientists and health officials have officially approved the new vaccine after rigorous clinical trials. The medical study published in the peer-reviewed journal confirms that it has a high efficacy rate and is safe for general distribution.,health,"June 14, 2026"
Central bank holds interest rates steady amid market stability,"In the latest monetary policy committee meeting, the central bank decided to maintain the interest rates. Economists noted that low inflation and steady employment numbers contributed to this decision.",economy,"June 12, 2026"
Global climate summit reaches historic agreement on emissions,Delegates from over 190 countries have signed an agreement to reduce greenhouse gas emissions by 30% over the next decade. The agreement focuses on investing in renewable energy sources and phase-out of coal-fired power plants.,environment,"June 10, 2026"
Government announces new economic policies to boost growth,"The official spokesperson announced that the government has launched a series of economic reforms. These reforms aim to improve fiscal growth, support local businesses, and stabilize inflation. Parliament approved the bill early this morning.",politics,"June 15, 2026"
Health authorities approve new vaccine for public use,Scientists and health officials have officially approved the new vaccine after rigorous clinical trials. The medical study published in the peer-reviewed journal confirms that it has a high efficacy rate and is safe for general distribution.,health,"June 14, 2026"
Central bank holds interest rates steady amid market stability,"In the latest monetary policy committee meeting, the central bank decided to maintain the interest rates. Economists noted that low inflation and steady employment numbers contributed to this decision.",economy,"June 12, 2026"
Global climate summit reaches historic agreement on emissions,Delegates from over 190 countries have signed an agreement to reduce greenhouse gas emissions by 30% over the next decade. The agreement focuses on investing in renewable energy sources and phase-out of coal-fired power plants.,environment,"June 10, 2026"
Government announces new economic policies to boost growth,"The official spokesperson announced that the government has launched a series of economic reforms. These reforms aim to improve fiscal growth, support local businesses, and stabilize inflation. Parliament approved the bill early this morning.",politics,"June 15, 2026"
Health authorities approve new vaccine for public use,Scientists and health officials have officially approved the new vaccine after rigorous clinical trials. The medical study published in the peer-reviewed journal confirms that it has a high efficacy rate and is safe for general distribution.,health,"June 14, 2026"
Central bank holds interest rates steady amid market stability,"In the latest monetary policy committee meeting, the central bank decided to maintain the interest rates. Economists noted that low inflation and steady employment numbers contributed to this decision.",economy,"June 12, 2026"
Global climate summit reaches historic agreement on emissions,Delegates from over 190 countries have signed an agreement to reduce greenhouse gas emissions by 30% over the next decade. The agreement focuses on investing in renewable energy sources and phase-out of coal-fired power plants.,environment,"June 10, 2026"
Government announces new economic policies to boost growth,"The official spokesperson announced that the government has launched a series of economic reforms. These reforms aim to improve fiscal growth, support local businesses, and stabilize inflation. Parliament approved the bill early this morning.",politics,"June 15, 2026"
Health authorities approve new vaccine for public use,Scientists and health officials have officially approved the new vaccine after rigorous clinical trials. The medical study published in the peer-reviewed journal confirms that it has a high efficacy rate and is safe for general distribution.,health,"June 14, 2026"
Central bank holds interest rates steady amid market stability,"In the latest monetary policy committee meeting, the central bank decided to maintain the interest rates. Economists noted that low inflation and steady employment numbers contributed to this decision.",economy,"June 12, 2026"
Global climate summit reaches historic agreement on emissions,Delegates from over 190 countries have signed an agreement to reduce greenhouse gas emissions by 30% over the next decade. The agreement focuses on investing in renewable energy sources and phase-out of coal-fired power plants.,environment,"June 10, 2026"
Government announces new economic policies to boost growth,"The official spokesperson announced that the government has launched a series of economic reforms. These reforms aim to improve fiscal growth, support local businesses, and stabilize inflation. Parliament approved the bill early this morning.",politics,"June 15, 2026"
Health authorities approve new vaccine for public use,Scientists and health officials have officially approved the new vaccine after rigorous clinical trials. The medical study published in the peer-reviewed journal confirms that it has a high efficacy rate and is safe for general distribution.,health,"June 14, 2026"
Central bank holds interest rates steady amid market stability,"In the latest monetary policy committee meeting, the central bank decided to maintain the interest rates. Economists noted that low inflation and steady employment numbers contributed to this decision.",economy,"June 12, 2026"
Global climate summit reaches historic agreement on emissions,Delegates from over 190 countries have signed an agreement to reduce greenhouse gas emissions by 30% over the next decade. The agreement focuses on investing in renewable energy sources and phase-out of coal-fired power plants.,environment,"June 10, 2026"
Government announces new economic policies to boost growth,"The official spokesperson announced that the government has launched a series of economic reforms. These reforms aim to improve fiscal growth, support local businesses, and stabilize inflation. Parliament approved the bill early this morning.",politics,"June 15, 2026"
Health authorities approve new vaccine for public use,Scientists and health officials have officially approved the new vaccine after rigorous clinical trials. The medical study published in the peer-reviewed journal confirms that it has a high efficacy rate and is safe for general distribution.,health,"June 14, 2026"
Central bank holds interest rates steady amid market stability,"In the latest monetary policy committee meeting, the central bank decided to maintain the interest rates. Economists noted that low inflation and steady employment numbers contributed to this decision.",economy,"June 12, 2026"
Global climate summit reaches historic agreement on emissions,Delegates from over 190 countries have signed an agreement to reduce greenhouse gas emissions by 30% over the next decade. The agreement focuses on investing in renewable energy sources and phase-out of coal-fired power plants.,environment,"June 10, 2026"
Government announces new economic policies to boost growth,"The official spokesperson announced that the government has launched a series of economic reforms. These reforms aim to improve fiscal growth, support local businesses, and stabilize inflation. Parliament approved the bill early this morning.",politics,"June 15, 2026"
Health authorities approve new vaccine for public use,Scientists and health officials have officially approved the new vaccine after rigorous clinical trials. The medical study published in the peer-reviewed journal confirms that it has a high efficacy rate and is safe for general distribution.,health,"June 14, 2026"
Central bank holds interest rates steady amid market stability,"In the latest monetary policy committee meeting, the central bank decided to maintain the interest rates. Economists noted that low inflation and steady employment numbers contributed to this decision.",economy,"June 12, 2026"
Global climate summit reaches historic agreement on emissions,Delegates from over 190 countries have signed an agreement to reduce greenhouse gas emissions by 30% over the next decade. The agreement focuses on investing in renewable energy sources and phase-out of coal-fired power plants.,environment,"June 10, 2026"
Government announces new economic policies to boost growth,"The official spokesperson announced that the government has launched a series of economic reforms. These reforms aim to improve fiscal growth, support local businesses, and stabilize inflation. Parliament approved the bill early this morning.",politics,"June 15, 2026"
Health authorities approve new vaccine for public use,Scientists and health officials have officially approved the new vaccine after rigorous clinical trials. The medical study published in the peer-reviewed journal confirms that it has a high efficacy rate and is safe for general distribution.,health,"June 14, 2026"
Central bank holds interest rates steady amid market stability,"In the latest monetary policy committee meeting, the central bank decided to maintain the interest rates. Economists noted that low inflation and steady employment numbers contributed to this decision.",economy,"June 12, 2026"
Global climate summit reaches historic agreement on emissions,Delegates from over 190 countries have signed an agreement to reduce greenhouse gas emissions by 30% over the next decade. The agreement focuses on investing in renewable energy sources and phase-out of coal-fired power plants.,environment,"June 10, 2026"
Government announces new economic policies to boost growth,"The official spokesperson announced that the government has launched a series of economic reforms. These reforms aim to improve fiscal growth, support local businesses, and stabilize inflation. Parliament approved the bill early this morning.",politics,"June 15, 2026"
Health authorities approve new vaccine for public use,Scientists and health officials have officially approved the new vaccine after rigorous clinical trials. The medical study published in the peer-reviewed journal confirms that it has a high efficacy rate and is safe for general distribution.,health,"June 14, 2026"
Central bank holds interest rates steady amid market stability,"In the latest monetary policy committee meeting, the central bank decided to maintain the interest rates. Economists noted that low inflation and steady employment numbers contributed to this decision.",economy,"June 12, 2026"
Global climate summit reaches historic agreement on emissions,Delegates from over 190 countries have signed an agreement to reduce greenhouse gas emissions by 30% over the next decade. The agreement focuses on investing in renewable energy sources and phase-out of coal-fired power plants.,environment,"June 10, 2026"
Government announces new economic policies to boost growth,"The official spokesperson announced that the government has launched a series of economic reforms. These reforms aim to improve fiscal growth, support local businesses, and stabilize inflation. Parliament approved the bill early this morning.",politics,"June 15, 2026"
Health authorities approve new vaccine for public use,Scientists and health officials have officially approved the new vaccine after rigorous clinical trials. The medical study published in the peer-reviewed journal confirms that it has a high efficacy rate and is safe for general distribution.,health,"June 14, 2026"
Central bank holds interest rates steady amid market stability,"In the latest monetary policy committee meeting, the central bank decided to maintain the interest rates. Economists noted that low inflation and steady employment numbers contributed to this decision.",economy,"June 12, 2026"
Global climate summit reaches historic agreement on emissions,Delegates from over 190 countries have signed an agreement to reduce greenhouse gas emissions by 30% over the next decade. The agreement focuses on investing in renewable energy sources and phase-out of coal-fired power plants.,environment,"June 10, 2026"
Government announces new economic policies to boost growth,"The official spokesperson announced that the government has launched a series of economic reforms. These reforms aim to improve fiscal growth, support local businesses, and stabilize inflation. Parliament approved the bill early this morning.",politics,"June 15, 2026"
Health authorities approve new vaccine for public use,Scientists and health officials have officially approved the new vaccine after rigorous clinical trials. The medical study published in the peer-reviewed journal confirms that it has a high efficacy rate and is safe for general distribution.,health,"June 14, 2026"
Central bank holds interest rates steady amid market stability,"In the latest monetary policy committee meeting, the central bank decided to maintain the interest rates. Economists noted that low inflation and steady employment numbers contributed to this decision.",economy,"June 12, 2026"
Global climate summit reaches historic agreement on emissions,Delegates from over 190 countries have signed an agreement to reduce greenhouse gas emissions by 30% over the next decade. The agreement focuses on investing in renewable energy sources and phase-out of coal-fired power plants.,environment,"June 10, 2026"
Government announces new economic policies to boost growth,"The official spokesperson announced that the government has launched a series of economic reforms. These reforms aim to improve fiscal growth, support local businesses, and stabilize inflation. Parliament approved the bill early this morning.",politics,"June 15, 2026"
Health authorities approve new vaccine for public use,Scientists and health officials have officially approved the new vaccine after rigorous clinical trials. The medical study published in the peer-reviewed journal confirms that it has a high efficacy rate and is safe for general distribution.,health,"June 14, 2026"
Central bank holds interest rates steady amid market stability,"In the latest monetary policy committee meeting, the central bank decided to maintain the interest rates. Economists noted that low inflation and steady employment numbers contributed to this decision.",economy,"June 12, 2026"
Global climate summit reaches historic agreement on emissions,Delegates from over 190 countries have signed an agreement to reduce greenhouse gas emissions by 30% over the next decade. The agreement focuses on investing in renewable energy sources and phase-out of coal-fired power plants.,environment,"June 10, 2026"
Government announces new economic policies to boost growth,"The official spokesperson announced that the government has launched a series of economic reforms. These reforms aim to improve fiscal growth, support local businesses, and stabilize inflation. Parliament approved the bill early this morning.",politics,"June 15, 2026"
Health authorities approve new vaccine for public use,Scientists and health officials have officially approved the new vaccine after rigorous clinical trials. The medical study published in the peer-reviewed journal confirms that it has a high efficacy rate and is safe for general distribution.,health,"June 14, 2026"
Central bank holds interest rates steady amid market stability,"In the latest monetary policy committee meeting, the central bank decided to maintain the interest rates. Economists noted that low inflation and steady employment numbers contributed to this decision.",economy,"June 12, 2026"
Global climate summit reaches historic agreement on emissions,Delegates from over 190 countries have signed an agreement to reduce greenhouse gas emissions by 30% over the next decade. The agreement focuses on investing in renewable energy sources and phase-out of coal-fired power plants.,environment,"June 10, 2026"
Government announces new economic policies to boost growth,"The official spokesperson announced that the government has launched a series of economic reforms. These reforms aim to improve fiscal growth, support local businesses, and stabilize inflation. Parliament approved the bill early this morning.",politics,"June 15, 2026"
Health authorities approve new vaccine for public use,Scientists and health officials have officially approved the new vaccine after rigorous clinical trials. The medical study published in the peer-reviewed journal confirms that it has a high efficacy rate and is safe for general distribution.,health,"June 14, 2026"
Central bank holds interest rates steady amid market stability,"In the latest monetary policy committee meeting, the central bank decided to maintain the interest rates. Economists noted that low inflation and steady employment numbers contributed to this decision.",economy,"June 12, 2026"
Global climate summit reaches historic agreement on emissions,Delegates from over 190 countries have signed an agreement to reduce greenhouse gas emissions by 30% over the next decade. The agreement focuses on investing in renewable energy sources and phase-out of coal-fired power plants.,environment,"June 10, 2026"
Government announces new economic policies to boost growth,"The official spokesperson announced that the government has launched a series of economic reforms. These reforms aim to improve fiscal growth, support local businesses, and stabilize inflation. Parliament approved the bill early this morning.",politics,"June 15, 2026"
Health authorities approve new vaccine for public use,Scientists and health officials have officially approved the new vaccine after rigorous clinical trials. The medical study published in the peer-reviewed journal confirms that it has a high efficacy rate and is safe for general distribution.,health,"June 14, 2026"
Central bank holds interest rates steady amid market stability,"In the latest monetary policy committee meeting, the central bank decided to maintain the interest rates. Economists noted that low inflation and steady employment numbers contributed to this decision.",economy,"June 12, 2026"
Global climate summit reaches historic agreement on emissions,Delegates from over 190 countries have signed an agreement to reduce greenhouse gas emissions by 30% over the next decade. The agreement focuses on investing in renewable energy sources and phase-out of coal-fired power plants.,environment,"June 10, 2026"
Government announces new economic policies to boost growth,"The official spokesperson announced that the government has launched a series of economic reforms. These reforms aim to improve fiscal growth, support local businesses, and stabilize inflation. Parliament approved the bill early this morning.",politics,"June 15, 2026"
Health authorities approve new vaccine for public use,Scientists and health officials have officially approved the new vaccine after rigorous clinical trials. The medical study published in the peer-reviewed journal confirms that it has a high efficacy rate and is safe for general distribution.,health,"June 14, 2026"
Central bank holds interest rates steady amid market stability,"In the latest monetary policy committee meeting, the central bank decided to maintain the interest rates. Economists noted that low inflation and steady employment numbers contributed to this decision.",economy,"June 12, 2026"
Global climate summit reaches historic agreement on emissions,Delegates from over 190 countries have signed an agreement to reduce greenhouse gas emissions by 30% over the next decade. The agreement focuses on investing in renewable energy sources and phase-out of coal-fired power plants.,environment,"June 10, 2026"
Government announces new economic policies to boost growth,"The official spokesperson announced that the government has launched a series of economic reforms. These reforms aim to improve fiscal growth, support local businesses, and stabilize inflation. Parliament approved the bill early this morning.",politics,"June 15, 2026"
Health authorities approve new vaccine for public use,Scientists and health officials have officially approved the new vaccine after rigorous clinical trials. The medical study published in the peer-reviewed journal confirms that it has a high efficacy rate and is safe for general distribution.,health,"June 14, 2026"
Central bank holds interest rates steady amid market stability,"In the latest monetary policy committee meeting, the central bank decided to maintain the interest rates. Economists noted that low inflation and steady employment numbers contributed to this decision.",economy,"June 12, 2026"
Global climate summit reaches historic agreement on emissions,Delegates from over 190 countries have signed an agreement to reduce greenhouse gas emissions by 30% over the next decade. The agreement focuses on investing in renewable energy sources and phase-out of coal-fired power plants.,environment,"June 10, 2026"
Government announces new economic policies to boost growth,"The official spokesperson announced that the government has launched a series of economic reforms. These reforms aim to improve fiscal growth, support local businesses, and stabilize inflation. Parliament approved the bill early this morning.",politics,"June 15, 2026"
Health authorities approve new vaccine for public use,Scientists and health officials have officially approved the new vaccine after rigorous clinical trials. The medical study published in the peer-reviewed journal confirms that it has a high efficacy rate and is safe for general distribution.,health,"June 14, 2026"
Central bank holds interest rates steady amid market stability,"In the latest monetary policy committee meeting, the central bank decided to maintain the interest rates. Economists noted that low inflation and steady employment numbers contributed to this decision.",economy,"June 12, 2026"
Global climate summit reaches historic agreement on emissions,Delegates from over 190 countries have signed an agreement to reduce greenhouse gas emissions by 30% over the next decade. The agreement focuses on investing in renewable energy sources and phase-out of coal-fired power plants.,environment,"June 10, 2026"
Government announces new economic policies to boost growth,"The official spokesperson announced that the government has launched a series of economic reforms. These reforms aim to improve fiscal growth, support local businesses, and stabilize inflation. Parliament approved the bill early this morning.",politics,"June 15, 2026"
Health authorities approve new vaccine for public use,Scientists and health officials have officially approved the new vaccine after rigorous clinical trials. The medical study published in the peer-reviewed journal confirms that it has a high efficacy rate and is safe for general distribution.,health,"June 14, 2026"
Central bank holds interest rates steady amid market stability,"In the latest monetary policy committee meeting, the central bank decided to maintain the interest rates. Economists noted that low inflation and steady employment numbers contributed to this decision.",economy,"June 12, 2026"
Global climate summit reaches historic agreement on emissions,Delegates from over 190 countries have signed an agreement to reduce greenhouse gas emissions by 30% over the next decade. The agreement focuses on investing in renewable energy sources and phase-out of coal-fired power plants.,environment,"June 10, 2026"
